Security_Code,ISIN,Security_Name
TATAELXSI,INE670A01012,TATA ELXSI LTD
LIQUIDETF,INF740KA1EU7,DSP Liquid ETF
CASH,null,CASH
HINDZINCNEW,INE267A01025,Hindustan Zinc Limited
INFOSYSTECH,INE009A01021,Infosys Ltd
RIL,INE002A01018,Reliance Industries Ltd
DIVISLAB,INE361B01024,Divis Laboratories Ltd
ASIANPAINTS,INE021A01026,Asian Paints Ltd
IEX,INE022Q01020,Indian Energy Exchange Ltd.
JUBLFOOD,INE797F01020,Jubilant Foodworks Limited
TCS,INE467B01029,Tata Consultancy Services Ltd
PIIND,INE603J01030,PI Industries Limited
METROBRAND,INE317I01021,Metro Brands Limited
BASF,INE373A01013,BASF India Ltd
TECHMAHINDRA,INE669C01036,Tech Mahindra Ltd
PFIZER,INE182A01018,PFIZER LIMIT
ASTRAL1,INE006I01046,Astral Ltd.
BSE,INE118H01025,BSE Limited
PETERENGLAND,INE647O01011,Aditya Birla Fashion and Retail Limited
TATAGLOBAL,INE192A01025,TATA Consumer Products Ltd
KMBANK,INE237A01036,Kotak Mahindra Bank Ltd
LATENTVIEW,INE0I7C01011,Latent View Analytics Ltd
HINDALCO,INE038A01020,Hindalco Industries Ltd
UNITEDSPIRITS,INE854D01024,United Spirits Ltd
GODREJCP,INE102D01028,Godrej Consumer Products Ltd
BPCL,INE029A01011,Bharat Petroleum Corporation Ltd
ICICIPRULI,INE726G01019,ICICI Prudential Life Insurance Company Ltd
LICI,INE0J1Y01017,Life Insurance Corporation Of India
ICICIGI,INE765G01017,ICICI Lombard General Insurance Company Ltd
SUPREMEIND,INE195A01028,Supreme Industries Limited
SAREGAMA,INE979A01025,Saregama India Limited
MMFIN,INE774D01024,Mahindra & Mahindra Financial Services Limited
MARUTI,INE585B01010,Maruti Suzuki India Ltd
ADITYABIRLA,INE674K01013,Aditya Birla Capital Ltd
MGL,INE002S01010,Mahanagar Gas Limited
PIDILITIND,INE318A01026,Pidilite Industries Ltd.
HUL,INE030A01027,Hindustan Unilever Ltd
ALKYLAMINE,INE150B01039,Alkyl Amines Chemicals Limited
DABUR,INE016A01026,Dabur India Ltd
HDFCBANK,INE040A01034,HDFC Bank Ltd
MUTHOOTFIN,INE414G01012,Muthoot Finance Limited
HDFCAMC,INE127D01025,HDFC Asset Management Company Limited
PRESTIGE,INE811K01011,PRESTIGE ESTATES PROJECTS LTD
CUB,INE491A01021,City Union Bank Limited
101884,INF732E01037,Nippon India ETF Nifty 1D Rate Liquid BeES
BAJAUTOFIN,INE296A01032,Bajaj Finance Ltd
LTI,INE214T01019,LTIMindtree Ltd
CDSL,INE736A01011,Central Depository Services India Limited
LTTS,INE010V01017,L and T Technology Services Limited
HCLTECH,INE860A01027,HCL Technologies Limited
HNGSNGBEES,INF204KB19I1,Nippon India ETF Hang Seng BeES
DMART,INE192R01011,AVENUE SUPERMARTS LIMITED
APLAPOLLO,INE702C01027,APL Apollo Tubes
FEDERALBNK,INE171A01029,Federal Bank Ltd
SBI,INE062A01020,State Bank of India
ALKEM,INE540L01014,Alkem Laboratories Ltd
106193,INF174KA1HJ8,Kotak Gold ETF
SIEMENS,INE003A01024,SIEMENS LTD
150440,INF966L01AT0,Quant Large Cap Fund-Growth Option-Direct Plan
UNIPHOS,INE628A01036,UPL Ltd
NMDC,INE584A01023,NMDC LTD
GLAND,INE068V01023,Gland Pharma Limited
AVANTIFEED,INE871C01038,Avanti Feeds Limited
BAJAJAUTO,INE917I01010,Bajaj Auto Ltd
AXISHCETF,INF846K01Z12,Axis NIFTY Healthcare ETF
UTIBANKETF,INF789F1AUV1,UTI Nifty Bank ETF
DSPNEWETF,INF740KA1QK2,DSP Nifty 50 Equal Weight ETF
ICICIBANKP,INF109KC18U7,ICICI Prudential Nifty Private Bank ETF
ICICITECH,INF109KC16I6,ICICI Prudential Nifty IT ETF
DSPQ50ETF,INF740KA1QL0,DSP Nifty Midcap 150 Quality 50 ETF
ICICINF100,INF109KC16V9,ICICI Prudential Nifty 100 ETF
AXISTECETF,INF846K01Y96,AXIS MUTUAL FUND-AXIS NIFTY IT ETF
ABSLNN50ET,INF209KB16D7,Aditya Birla Sun Life Nifty Next 50 ETF
MANXT50,INF769K01FN2,Mirae Asset Nifty Next 50 ETF
ICICIALPLV,INF109KC17V7,ICICI Prudential Nifty Alpha Low Volatility 30 ETF
ICICIFMCG,INF109KC19V3,ICICI Prudential Nifty FMCG ETF
ICDSLTD,INE613B01010,ICDS Ltd
AXIS,INE238A01034,Axis Bank Ltd
HDFCLIFE,INE795G01014,HDFC Standard Life Insurance Company Ltd
RECLTD,INE020B01018,REC Limited
GAIL,INE129A01019,GAIL India Ltd
HAVELLS,INE176B01034,Havells India Ltd
JISLDVREQS,IN9175A01010,Jain Irrigation Systems Limited-DVR
EMAMIINFRA,INE778K01012,Emami Realty Ltd
ICICI,INE090A01021,ICICI Bank Ltd
IPCALAB,INE571A01038,Ipca Laboratories Limited
JISLJALEQS,INE175A01038,Jain Irrigation Systems Limited
LSIL,INE093R01011,Lloyds Engineering Works Ltd
LT,INE018A01030,Larsen and Toubro Ltd
MRP,INE103A01014,MANGALORE REFINERY & PETROCHEMICALS LTD
NEPCMICON,INE588A01016,NEPC INDIA LTD.
NESTLEIND,INE239A01024,Nestle India Ltd
NOCIL,INE163A01018,NOCIL LTD.
NOVARTIND,INE234A01025,NOVARTIS INDIA LTD
ONGC,INE213A01029,Oil and Natural Gas Corporation Limited
PCS,INE834B01012,PCS Technology Ltd
PHILIPS,INE319A01016,PHILIPS INDIA LTD.
PHILIPSDOME,INE0FO801019,Philips Domestic Appliances India Ltd
RCOM,INE330H01018,RELIANCE COMMUNICATIONS L
ROLTA,INE293A01013,ROLTA INDIA LTD.
SIGNIFY,INE045U01015,Signify Innovations India Limited
TATAMOTORS,INE155A01022,Tata Motors Limited
TATASTEEL,INE081A01020,Tata Steel Ltd
TRENT,INE849A01020,Trent Ltd
ULTRATECH,INE481G01011,Ultratech Cement Ltd
UNIVERSALOFF,INE951C01012,Universal Office Automation Ltd
ZUARI,INE840M01016,ZUARI AGRO CHEMICALS LTD
ZUARIGLOB,INE217A01012,Zuari Industries Ltd
DCW,INE500A01029,DCW Ltd
ACC,INE012A01025,ACC Ltd
ADANIPOWER,INE814H01029,Adani Power Ltd
BOB,INE028A01039,Bank of Baroda
BOMDYEING,INE032A01023,Bombay Dyeing and Manufacturing Company Limited
CANBK,INE476A01022,Canara Bank
CENTENKA,INE485A01015,Century Enka Limited
CIPLA,INE059A01026,Cipla Ltd
EMAMILTD,INE548C01032,Emami Limited
112938,INF204K01FQ3,Nippon India Credit Risk Fund-Growth Plan
148258,INF204KB19P6,Nippon India Credit Risk Fund-Segregated Portfolio 2-Growth Plan
BRITANNIA,INE216A01030,Britannia Industries Ltd.
BRITANNIADEB,INE216A08027,BRITANNIA INDUSTRIES LIMITED - 5.5 NCD 03JU24 FVRS29
CADILAHC,INE010B01027,Zydus Lifesciences Limited
IBL,INE092T01019,IDFC First Bank Limited
INE733E07JW2,INE733E07JW2,NTPC LIMITED SR-3B 7.62 BD 05OT35 FVRS1000
RENUKA,INE087H01022,SHREE RENUKA SUGARS LTD
INE020B07JU4,INE020B07JU4,RURAL ELECTRIFICATION CORPORATION LTD
101161,INF204K01489,Nippon India Multi Cap Fund-Growth Plan-Growth Option
102594,INF109K01AF8,ICICI PRUDENTIAL DISCOVERY FUND-GROWTH OPTION
103340,INF109K01VQ1,ICICI Prudential Liquid Fund - Growth
103360,INF090I01569,Franklin India Smaller Companies Fund-Growth
105758,INF179K01CR2,HDFC MID-CAP OPPORTUNITIES FUND - GROWTH OPTION
108466,INF109K01BL4,ICICI PRUDENTIAL FOCUSED BLUECHIP EQUITY FUND - RETAIL GROWTH PLAN
111803,INF209K01603,Aditya Birla Sun Life Medium Term Plan-Growth-Regular Plan
112277,INF846K01164,Axis Bluechip Fund - Growth
INDIACEM,INE383A01012,INDIA CEMENTS LTD
TDSACCOUNT,null,Tax Deducted at Source
AMARAJABAT,INE885A01032,Amara Raja Energy & Mobility Limited
ICICIMOM30,INF109KC17C7,ICICI Prudential Nifty 200 Momentum 30 ETF
120676,INF109K01T04,ICICI Prudential Ultra Short Term Fund - Direct Plan - Growth
IRCTC,INE335Y01020,Indian Railway Catering And Tourism Corporation Limited
ISEC,INE763G01038,ICICI Securities Ltd
SHREECEM,INE070A01015,Shree Cement Limited
WIPRO,INE075A01022,WIPRO Ltd
REDINGTON,INE891D01026,Redington India Ltd.
NMDCSTEEL,INE0NNS01018,NMDC Steel Ltd
BHARTI,INE397D01024,Bharti Airtel Ltd
GRASIM,INE047A01021,Grasim Industries Ltd
PERSISTENT,INE262H01021,Persistent Systems Ltd
VIPIND,INE054A01027,VIP Industries Ltd
BAJAJFINSV,INE918I01026,BAJAJ FINSERV LTD
SUMICHEM,INE258G01013,Sumitomo Chemical India Limited
MPHASIS,INE356A01018,MPHASIS Ltd.
SOLARINDS,INE343H01029,SOLAR INDUSTRIES INDIA LTD
HFCL,INE548A01028,HFCL Limited
POWERGRID,INE752E01010,Power Grid Corporation Of India Limited
CASTROL,INE172A01027,CASTROL INDIA LTD
BHEL,INE257A01026,Bharat Heavy Electricals Ltd
CREDITACC,INE741K01010,CreditAccess Grameen Ltd
ITC,INE154A01025,ITC Ltd
COALINDIA,INE522F01014,Coal India Ltd.
SBICARD,INE018E01016,SBI Cards and Payment Services Limited
RELAXO,INE131B01039,Relaxo Footwears Limited
IRFC,INE053F01010,Indian Railway Finance Corporation Limited
NIFTYBEES,INF204KB14I2,Nippon India ETF Nifty 50 BeES
DLF,INE271C01023,DLF Limited
COLPAL,INE259A01022,COLGATE PALMOLIVE INDIA LTD
MAESGETF,INF769K01GS9,Mirae Asset Nifty 100 ESG Sector Leaders ETF
ICICIPHARM,INF109KC1Q72,ICICI Prudential Nifty Healthcare ETF
BHARATFORG,INE465A01025,BHARAT FORGE LTD
VINATIORGA,INE410B01037,VINATI ORGANICS LTD
SONACOMS,INE073K01018,Sona BLW Precision Forgings Ltd
DEEPAKNTR,INE288B01029,Deepak Nitrite Ltd
MAMFGETF,INF769K01IB1,Mirae Asset Nifty India Manufacturing ETF
149250,INF754K01NB3,Edelweiss Nifty 50 Index Fund Direct Plan Growth
148986,INF179KC1BG0,HDFC Banking & Financial Services Fund-Growth Option-Direct Plan
LALPATHLAB,INE600L01024,Dr Lal Pathlabs Ltd
GNFC,INE113A01013,Gujarat Narmada Valley Fertilizers and Chemicals Limited
GOODYEAR,INE533A01012,GOODYEAR INDIA LTD.
INTERDATAMGMT,INE649R01010,International Data Management Ltd
PNB,INE160A01022,Punjab National Bank
SCHNEIDER,INE839M01018,Schneider Electric Infrastructure Ltd
AREVATD,INE200A01026,GE Vernova T&D India Ltd
149894,INF846K013H3,Axis Nifty Smallcap 50 Index Fund-Direct Plan-Growth Option
FORTIS,INE061F01013,FORTIS HEALTHCARE INDIA LIMITED
TATACHEM,INE092A01019,TATA CHEMICALS LTD.
SBILIFE,INE123W01016,SBI Life Insurance Company Limited
141877,INF740KA1CR7,DSP Nifty 50 Equal Weight Index Fund-Direct Plan-Growth
150428,INF740KA1RB9,DSP Nifty Midcap 150 Quality 50 Index Fund-Direct-Growth
148703,INF789F1AUT5,UTI Nifty 200 Momentum 30 Index Fund - Direct Plan - Growth Option
FAGBEARING,INE513A01022,Schaeffler India Ltd
INFRATEL,INE121J01017,Indus Towers Ltd
NTPC,INE733E01010,NTPC LTD
OBEROIRLTY,INE093I01010,OBEROI REALTY LIMITED
BALAMINES,INE050E01027,Balaji Amines Ltd
DSPGOLDETF,INF740KA1SW3,DSP Gold ETF
133054,INF109KA11J9,ICICI Prudential Equity Savings Fund - Direct - Growth
143247,INF109KC1V59,ICICI Prudential BSE 500 ETF
GUJGASLTD,INE844O01030,Gujarat Gas Limited
VOLTAS,INE226A01021,Voltas Limited
MAFSETF,INF769K01HI8,Mirae Asset Nifty Financial Services ETF
MID150BEES,INF204KB1V68,Nippon India ETF Nifty Midcap 150
147921,INF109KC11W8,ICICI Prudential Nifty Midcap 150 ETF
MOMOMENTUM,INF247L01BK2,Motilal Oswal Mutual Fund - Motilal Oswal Nifty 200 Momentum 30 ETF
OTHERINCOME,null,Other Income
120685,INF109K01U92,ICICI Prudential Regular Gold Savings Fund FOF - Direct Plan - Growth
149790,INF769K01HZ2,Mirae Asset Nifty India Manufacturing ETF FOF-Direct Plan-Growth
ICICIGOLD,INF109KC1NT3,ICICI Prudential Gold ETF
COROMANDEL,INE169A01031,Coromandel International Ltd
BIKAJI,INE00E101023,Bikaji Foods International Ltd
KPIT,INE836A01035,Birlasoft Ltd
150468,INF109KC13E2,ICICI Prudential Nifty IT Index Fund-Direct Plan-Growth
HEROHONDA,INE158A01026,Hero Motocorp Ltd
PETRONET,INE347G01014,Petronet LNG Limited
VBL,INE200M01039,Varun Beverages Ltd
PAGEIND,INE761H01022,Page Industries Limited
BERGEPAINT,INE463A01038,Berger Paints India Limited
HDFC,INE001A01036,Housing Development Finance Corporation Ltd
TATAMTRDVR,IN9155A01020,Tata Motors Ltd-DVR
NAHARSPING,INE290A01027,Nahar Spinning Mills Limited
NAHARCAP,INE049I01012,Nahar Capital and Financial Services Ltd
JSWSTEEL,INE019A01038,JSW Steel Limited
GLAXO,INE159A01016,GlaxoSmithKline Pharmaceuticals Ltd
FMGOETZE,INE529A01010,FEDERAL-MOGUL GOETZE LTD.
BLISSGVS,INE416D01022,Bliss GVS Pharma Ltd
LUMAXIND,INE162B01018,LUMAX INDUSTRIES LTD
UNIONBANK,INE692A01016,Union Bank Of India
TCFC,INE389D01013,TCFC Finance Ltd
INE547G01019,null,LUMAX AUTOMOTIVE SYSTEMS LTD
CPSEETF,INF457M01133,GOLDMAN SACHS CPSE ETF
151785,INF846K017R3,Axis Nifty IT Index Fund - Direct Plan - Growth
150452,INF109KC11D8,ICICI Prudential Nifty 200 Momentum 30 Index Fund - Direct Plan - Growth
FINEORG,INE686Y01026,Fine Organic Industries Limited
AMBUJACEM,INE079A01024,Ambuja Cements Ltd
149389,INF109KC1W58,ICICI Prudential Nifty Midcap 150 Index Fund - Direct Plan - Growth
TIMKEN,INE325A01013,TIMKEN INDIA LTD.
NAVINFLUOR,INE048G01026,Navin Fluorine International Limited
OIL,INE274J01014,Oil India Limited
M100,INF247L01023,Motilal Oswal Nifty Midcap 100 ETF
ICICINV20,INF109KC11V0,ICICI Prudential Nifty50 Value 20 ETF
MAHKTECH,INF769K01HS7,Mirae Asset Hang Seng TECH ETF
SUNPHARMA,INE044A01036,SUN PHARMACEUTICAL INDUSTRIES LTD
ZOMATO,INE758T01015,Eternal Ltd
TATAPOWER,INE245A01021,Tata Power Company Ltd
IOC,INE242A01010,INDIAN OIL CORPORATION LTD
GODREJPROP,INE484J01027,Godrej Properties Limited
INDHOTEL,INE053A01029,INDIAN HOTELS COMPANY LIMITED
GRINDWELL,INE536A01023,Grindwell Norton Ltd
SRF,INE647A01010,SRF LTD
EICHERMOT,INE066A01021,Eicher Motors Ltd
SASKEN,INE231F01020,SASKEN COMMUNICATION TECHNOLOGIES LTD
152067,INF966L01CT6,Quant Teck Fund - Growth Option - Direct Plan
HAPPSTMNDS,INE419U01012,Happiest Minds Technologies Limited
TORNTPOWER,INE813H01021,Torrent Power Limited
RAYMOND,INE301A01014,Raymond Ltd
PREMIER,INE342A01018,PREMIER LTD
MCDHOLDING,INE836H01014,MCDOWELL HOLDINGS LTD.
MAXIND,INE0CG601016,Max India Ltd
MAX,INE180A01020,Max Financial Services Limited
HINDCOMPOS,INE310C01029,Hindustan Composites Limited
GUJALKALI,INE186A01019,Gujarat Alkalies & Chemicals Ltd
ARVINFRA,INE034S01021,Arvind SmartSpaces Limited
ARVIND,INE034A01011,Arvind Ltd
AKZOINDIA,INE133A01011,Akzo Nobel India Limited
ANVESHAN,INE294Z01018,Anup Engineering Ltd The
ARVINDFASHION,INE955V01021,Arvind Fashion Ltd.
MAXHEALTH,INE027H01010,Max Healthcare Institute Limited
BARODARAYON,INE461A01024,Baroda Rayon Corporation Limited
PFC,INE134E01011,Power Finance Corporation Limited
RSIL,INE758E01017,Jio Financial Services Ltd
SUZLON,INE040H01021,Suzlon Energy Ltd
DELTACORP,INE124G01033,Delta Corp Limited
HPCL,INE094A01015,Hindustan Petroleum Corporation Ltd
IDFC,INE043D01016,IDFC Ltd
ADIRASAY,INE861N01036,Genpharmasec Limited
UJJIVANSFB,INE551W01018,Ujjivan Small Finance Bank Ltd
146381,INF740KA1MG9,DSP Nifty Next 50 Index Fund - Direct - Growth
EIDPARRY,INE126A01031,EID-Parry India Limited
CRISIL,INE007A01025,CRISIL LTD.
BAJAJTEMPO,INE451A01017,Force Motors Ltd
MM,INE101A01026,Mahindra and Mahindra Ltd
INDIGO,INE646L01027,InterGlobe Aviation Limited
NYKAA,INE388Y01029,FSN E-Commerce Ventures Limited
NAUKRI,INE663F01032,Info Edge India Ltd
MARICO,INE196A01026,Marico Limited
MUNDRAPORT,INE742F01042,Adani Ports and Special Economic Zone Limited
DEEPAKFERT,INE501A01019,Deepak Fertilizers and Petrochemicals Corporation Ltd
ASTEC,INE563J01010,Astec LifeSciences Ltd
RPOWER,INE614G01033,Reliance Power Ltd
RELINFRA,INE036A01016,Reliance Infrastructure Ltd
RELIANCEHOME,INE217K01011,Reliance Home Finance Ltd
RELCAPITAL,INE013A01015,Reliance Capital Ltd
NHPC,INE848E01016,NHPC Ltd
135813,INF277K015B9,Tata Resources & Energy Fund - Direct - Growth
152039,INF174KA1OX5,Kotak S&P BSE Housing Index Fund - Direct Plan - Growth Option
AIAENG,INE212H01026,AIA ENGINEERING LTD
IGL,INE203G01027,Indraprastha Gas Limited
ASHOKLEY,INE208A01029,ASHOK LEYLAND LTD
ESSARSHPNG,INE122M01019,Essar Shipping Ltd
BIRLACORPN,INE340A01012,Birla Corporation Ltd
DSPSILVETF,INF740KA1RE3,DSP Silver ETF
KPRMILL,INE930H01031,K.P.R. Mill Ltd
MAZDOCK,INE249Z01020,Mazagon Dock Shipbuilders Ltd
BAJAJHLDNG,INE118A01012,BAJAJ HOLDINGS and INVESTMENT LTD
BAYERCROP,INE462A01022,Bayer Cropscience Ltd
CENTURYTEX,INE055A01016,Aditya Birla Real Estate Ltd
DRREDDYS,INE089A01031,Dr ReddyS Laboratories Ltd
EIHOTEL,INE230A01023,EIH LIMITED
GESHIP,INE017A01032,The Great Eastern Shipping Company Limited
GLENMARK,INE935A01035,Glenmark Pharma Ltd
GODREJIND,INE233A01035,Godrej Industries Limited
HEMIPROP,INE0AJG01018,Hemisphere Properties India Ltd
JINDALSTEEL,INE749A01030,Jindal Steel & Power Limited
MAHLIFE,INE813A01018,Mahindra Lifespace Developers Ltd
ORACLEFSS,INE881D01027,Oracle Financial Services Software Ltd
PGHH,INE179A01014,PROCTER & GAMBLE HYGIENE & HEALTH CARE LTD
PTC,INE877F01012,PTC India Ltd
QUESS,INE615P01015,Quess Corp Ltd
SESAGOA,INE205A01025,Vedanta Limited
SFHL,INE202Z01029,Sundaram Finance Holdings Limited
SUNDARMFIN,INE660A01013,Sundaram Finance Limited
TATACOM,INE151A01013,Tata Communications Ltd
THERMAX,INE152A01029,THERMAX LTD
TITAN,INE280A01028,TITAN COMPANY LIMITED
UBL,INE686F01025,UNITED BREWERIES LTD
WOCKHARDT,INE049B01025,Wockhardt Ltd
105463,INF789F1AUX7,UTI GOLD EXCHANGE TRADED FUND
ABB,INE117A01022,ABB India Ltd
ABBPOWER,INE07Y701011,Hitachi Energy India Limited
ADANIENT,INE423A01024,Adani Enterprises Limited
ADANIGREEN,INE364U01010,Adani Green Energy Limited
ADANITRANS,INE931S01010,Adani Energy Solutions Limited
AGL,INE399L01023,Adani Total Gas Limited
CAMS,INE596I01020,Computer Age Management Services Limited
HINDCOPPER,INE531E01026,Hindustan Copper Limited
KNRCON,INE634I01029,KNR CONSTRUCTIONS LIMITED
SAIL,INE114A01011,STEEL AUTHORITY OF INDIA
SFL,INE916U01025,Sheela Foam Limited
LXCHEM,INE576O01020,LAXMI ORGANIC INDUSTRIES LIMITED
AARTIIND,INE769A01020,Aarti Industries Ltd
PAYTM,INE982J01020,One 97 Communications Limited
DATAPATTNS,INE0IX101010,Data Patterns INDIA Limited
CHOLAFIN,INE121A01024,Cholamandalam Investment and Finance Company Ltd
FINCABLES,INE235A01022,Finolex Cables Limited
GODREJAGRO,INE850D01014,Godrej Agrovet Limited
BOSCHLTD,INE323A01026,BOSCH Ltd
AUBANK,INE949L01017,AU Small Finance Bank Ltd
OLECTRA,INE260D01016,Olectra Greentech Limited
ACI,INE128X01021,Archean Chemical Industries Ltd
ALLCARGO,INE418H01029,Allcargo Logistics Limited
KRBL,INE001B01026,KRBL Ltd
118837,INF769K01BL5,Mirae Asset Great Consumer Fund - Direct - Growth
ABBOTINDIA,INE358A01014,Abbott India Ltd
CARBORUNIV,INE120A01034,CARBORUNDUM UNIVERSAL LTD
SUNDRMFAST,INE387A01021,Sundram Fasteners Limited
WHIRLPOOL,INE716A01013,Whirlpool Of India Ltd
149787,INF769K01HY5,Mirae Asset Nifty India Manufacturing ETF FOF - Direct Plan- IDCW
CLEAN,INE227W01023,Clean Science and Technology Ltd
ZYDUSWELL,INE768C01028,Zydus Wellness Ltd
152243,INF740KA1TW1,DSP Nifty Smallcap250 Quality 50 Index Fund-Direct-Growth
BATAINDIA,INE176A01028,Bata India Ltd
GMDCLTD,INE131A01031,Gujarat Mineral Development Corporation Limited
APOLLOHOSP,INE437A01024,APOLLO HOSPITALS ENTERPRISES LTD
AWL,INE699H01024,AWL Agri Business Ltd
SRTRANSFIN,INE721A01047,Shriram Finance Ltd
BEL,INE263A01024,Bharat Electronics Ltd
TVSMOTOR,INE494B01023,TVS Motor Company Ltd
HAL,INE066F01020,Hindustan Aeronautics Limited
INDUSINDBK,INE095A01012,IndusInd Bank Limited
UTIAMC,INE094J01016,UTI Asset Management Company Ltd
120492,INF192K01CC7,JM Flexicap Fund - Direct - Growth
CONCOR,INE111A01025,Container Corporation of India Limited
VTL,INE825A01020,Vardhman Textiles Ltd
SUMMITSEC,INE519C01017,SUMMIT SECURITIES LTD
SKFINDIA,INE640A01023,SKF India Limited
SITICABLE,INE965H01011,Siti Networks Ltd
PENINLAND,INE138A01028,Peninsula Land Ltd
MEGASOFT,INE933B01012,Megasoft Ltd
KAYA,INE587G01015,Kaya Ltd
JPPOWER,INE351F01018,Jaiprakash Power Ventures Ltd
IBN18,INE886H01027,TV18 Broadcast Ltd
HEXATRADEX,INE750M01017,Hexa Tradex Ltd
CENTURYPLY,INE348B01021,Century Plyboards India Limited
DNAMEDIA,INE016M01021,Diligent Media Corporation Ltd
GTLINFRA,INE221H01019,GTL Infrastructure Ltd
TINPLATE,INE422C01014,Tinplate Company of India Ltd
GMMPFAUDLER,INE541A01023,GMM Pfaudler Limited
AEGISCHEM,INE208C01025,Aegis Logistics Ltd
JUSTDIAL,INE599M01018,Just Dial Ltd
CHAMBLFERT,INE085A01013,Chambal Fertilizers and Chemicals Ltd
MIDHANI,INE099Z01011,Mishra Dhatu Nigam Limited
INF0R8F01018,INF0R8F01018,Zerodha Nifty LargeMidcap 250 Index Fund - Direct Plan - Growth option
149858,INF109KC11A4,ICICI Prudential Nifty Bank Index Fund - Direct Plan Growth
151791,INF966L01BX0,Quant BFSI Fund - Growth Option - Direct Plan
122639,INF879O01027,Parag Parikh Flexi Cap Fund - Direct - Growth
102756,INF200K01370,SBI FOCUSED EQUITY FUND - REGULAR PLAN -GROWTH
119775,INF174K01LT0,Kotak Emerging Equity Scheme - Growth - Direct
150539,INF109KC12I5,ICICI Prudential PSU Equity Fund - Direct Plan - Growth
118989,INF179K01XQ0,HDFC MID CAP OPPORTUNITIES FUND -DIRECT PLAN - GROWTH OPTION
130503,INF179KA1RW5,HDFC Small Cap Fund - Direct Growth Plan
MOTHERSUMI,INE775A01035,Samvardhana Motherson International Limited
NATIONALUM,INE139A01034,NATIONAL ALUMINIUM COMPANY LTD
TORNTPHARM,INE685A01028,TORRENT PHARMACEUTICALS LIMITED
151911,INF174KA1OR7,Kotak Nifty Financial Services Ex-Bank Index Fund - Direct Plan - Growth
ALMONDZ,INE326B01035,Almondz Global Securities Ltd
UNITECH,INE694A01020,UNITECH LTD
APOLLOTYRE,INE438A01022,Apollo Tyres Limited
BOC,INE473A01011,Linde India Ltd
JBCHEPHARM,INE572A01036,JB Chemicals & Pharmaceuticals Limited
KEC,INE389H01022,KEC International Limited
RCF,INE027A01015,Rashtriya Chemicals and Fertilizers Limited
BAJAJHIND,INE306A01021,BAJAJ HINDUSTHAN SUGAR LTD
119727,INF200K01RJ1,SBI Focused Equity Fund - Direct - Growth
119028,INF740K01QA7,DSP Natural Resources and New Energy Fund - Direct Plan - Growth
MEDHEASP,INE804L01022,MedPlus Health Services Limited
HEG,INE545A01024,HEG Ltd
NCC,INE868B01028,NCC Ltd
CCL,INE421D01022,CCL PRODUCTS INDIA LTD.
TATATECH,INE142M01025,Tata Technologies Ltd
MANS2MQ1E_SC,INF769K01LC3,Mirae Asset Nifty Smallcap 250 Momentum Quality 100 ETF
ORIENTCONT,INE730A01022,Oricon Enterprises Limited
RAIN,INE855B01025,Rain Industries Limited
148574,INF769K01GQ3,Mirae Asset ESG Sector Leaders Fund of Fund Direct Growth
AUROPHARMA,INE406A01037,Aurobindo Pharma Limited
BEML,INE258A01016,BEML LIMITED
ORISSAMINE,INE725E01024,THE ORISSA MINERALS DEVELOPMENT CO. LTD
BALRAMCHIN,INE119A01028,Balrampur Chini Mills Ltd
IDEA,INE669E01016,Vodafone Idea Limited
POLYMED,INE205C01021,Poly Medicure Ltd
ASAHIINDIA,INE439A01020,Asahi India Glass Limited
PIRHEALTH,INE140A01024,Piramal Enterprises Ltd
DSPNIFTY50ADD,INF740KA1CL0,DSP Nifty 50 ETF
148925,INF966L01AK9,quant Quantamental Fund - Growth Option - Direct Plan
148564,INF966L01AD4,quant ESG Equity Fund - Growth Option - Direct Plan
PSUBNKBEES,INF204KB16I7,Nippon India ETF Nifty PSU Bank BeES
YESBANK,INE528G01035,Yes Bank Limited
IBULHSGFIN,INE148I01020,Sammaan Capital Ltd
BIOCON,INE376G01013,BIOCON LTD
HUDCO,INE031A01017,Housing & Urban Development Corporation Limited
AMBER,INE371P01015,Amber Enterprises India Limited
KSBPUMPS,INE999A01023,KSB Ltd
HONAUT,INE671A01010,Honeywell Automation India Limited
JHS,INE544H01014,JHS Svendgaard Laboratories Ltd
JAICORPLTD,INE070D01027,Jai Corp Ltd
JITFINFRA,INE863T01013,JITF Infralogistics Ltd
JPASSOCIATES,INE455F01025,Jaiprakash Associates Ltd
MOREPENLAB,INE083A01026,MOREPEN LABORATORIES LTD
JYOTISTRUC,INE197A01024,Jyoti Structures Ltd
KAUSHALYA,INE234I01028,Kaushalya Infrastructure Development Corporation Ltd
MODISON,INE737D01021,Modison Ltd
MTNL,INE153A01019,Mahanagar Telephone Nigam Ltd
MUKANDLTD,INE304A01026,MUKAND LTD
NAGARFERT,INE454M01024,Nagarjuna Fertilizers and Chemicals Ltd
NETWORK18,INE870H01013,Network18 Media & Investments Ltd
ONMOBILE,INE809I01019,Onmobile Global Limited
PANTALOONR,INE623B01027,Future Enterprises Limited
PARSVNATH,INE561H01026,Parsvnath Developers Ltd
PHRL,INE546Y01022,Praxis Home Retail Ltd
PRETAILDVR,IN9623B01058,Future Enterprises Ltd-DVR
PSB,INE608A01012,PUNJAB AND SIND BANK
SAURASHCEM,INE626A01014,Saurashtra Cement Ltd
SCI,INE109A01011,Shipping Corporation Of India Limited
SHARRESLTD,INE559D01011,Crest Ventures Ltd
SJVN,INE002L01015,SJVN Limited
SSWL,INE802C01033,Steel Strips Wheels Limited
SUNFLAG,INE947A01014,Sunflag Iron & Steel Company Ltd
SURANATP,INE130B01031,Surana Telecom and Power Ltd
UCOBANK,INE691A01018,Uco Bank
105085,INF204KB17I5,Nippon India ETF Gold BeES
ABAN,INE421A01028,Aban Offshore Ltd
ACKRUTI,INE703H01016,Hubtown Ltd
AKSHOPTFBR,INE523B01011,Aksh Optifibre Ltd
ALEMBICLTD,INE426A01027,ALEMBIC LTD
ASTRAMICRO,INE386C01029,Astra Microwave Products Limited
BHAGYANGR,INE458B01036,Bhagyanagar India Ltd
BINANIIND,INE071A01013,Bil Vyapar Ltd
ESTER,INE778B01029,ESTER INDUSTRIES LTD
FINANTECH,INE111B01023,63 Moons Technologies Ltd
FLFL,INE452O01016,Future Lifestyle Fashions Limited
FMNL,INE360L01017,Future Market Networks Ltd
FRETAIL,INE752P01024,Future Retail Ltd
FSL,INE684F01012,Firstsource Solutions Limited
GMRINFRA,INE776C01039,GMR Airports Ltd
HMT,INE262A01018,HMT Limited
HSIL,INE415A01038,Agi Greenpac Limited
IMFA,INE919H01018,Indian Metals & Ferro Alloys Limited
INE733E07JP6,INE12345678,8.49% NTPC DB 25-03-2025
IVC,INE050B01023,IL&FS Investment Managers Ltd
JINDALSAW,INE324A01032,Jindal Saw Ltd
INE053F07538,INE053F07538,8.10% INDIAN RAILWAY FINANCE CORPORATION LIMITED
GMRPUI,INE0CU601026,GMR Power and Urban Infra Ltd
SHICOROL,INE0PB301013,Shipping Corporation of India Land and Assets Ltd
SHIL,INE05AN01011,Hindware Home Innovation Ltd
150737,INF179KC1DU7,HDFC Silver ETF Fund of Fund - Growth Option - Direct Plan
NIITTECH,INE591G01025,Coforge Ltd
ESSELPACK,INE255A01020,ESSEL PROPACK LIMITED
AUTOIETF,INF109KC10V2,ICICI Prudential Nifty Auto ETF
BDL,INE171Z01026,Bharat Dynamics Ltd
KAJARIACER,INE217B01036,Kajaria Ceramics Ltd.
SUNTV,INE424H01027,Sun TV Network Limited
EXIDEIND,INE302A01020,Exide Industries Limited
DIGIDRIVE,INE0PSC01024,Digidrive Distributors Ltd
PNBHOUSING,INE572E01012,PNB Housing Finance Limited
150643,INF109KC16J4,ICICI Prudential Nifty Auto Index Fund - Direct Plan - Growth
145454,INF740KA1LG1,DSP Healthcare Fund - Direct - Growth
152645,INF769K01LN0,Mirae Asset Nifty MidSmallcap400 Momentum Quality 100 ETF Fund of Fund - Direct Plan - Growth
TUBEINVEST,INE974X01010,TUBE INVESTMENTS OF INDIA LIMITED
AFFLE,INE00WC01027,Affle 3i Ltd
JKLAKSHMI,INE786A01032,JK Lakshmi Cement Limited
IFCI,INE039A01010,IFCI Limited
134008,INF200KA1580,SBI Nifty Bank ETF
JUNIORBEES,INF732E01045,Nippon India ETF Nifty Next 50 Junior BeES
BANKBEES,INF204KB15I9,Nippon India ETF Nifty Bank BeES
ZODIACLOTH,INE206B01013,Zodiac Clothing Company Ltd
150619,INF179KC1DK8,HDFC NIFTY 50 VALUE 20 ETF - Growth Option
AARTIDRUGS,INE767A01016,Aarti Drugs Ltd
149254,INF754K01NJ6,Edelweiss Nifty 100 Quality 30 Index Fund Direct Plan Growth
150636,INF194KB1DV7,BANDHAN NIFTY100 LOW VOLATILITY 30 INDEX FUND - GROWTH - DIRECT PLAN
152365,INF109KC16T3,ICICI Prudential Nifty50 Value 20 Index Fund - Direct Plan - Growth
149804,INF959L01FT4,Navi Nifty Bank Index Fund- Direct Plan- Growth
INDIANHUME,INE323C01030,Indian Hume Pipe Company Limited
MANMMQ1ESC,INF769K01LJ8,Mirae Asset Nifty MSC400 Momentum Quality 100 ETF
SWSOLAR,INE00M201021,Sterling and Wilson Renewable Energy Ltd
PARPHOSP,INE088F01024,Paradeep Phosphates Limited
BLS,INE153T01027,BLS International Services Limited
ECLERX,INE738I01010,ECLERX SERVICES LIMITED
BAJAJCORP,INE933K01021,Bajaj Consumer Care Ltd
PPL,INE0DK501011,Piramal Pharma Ltd
118364,INF194K01I60,BANDHAN LIQUID Fund -Direct Plan-Growth
119125,INF740K01QL4,DSP Liquidity Fund - Direct - Growth
119164,INF959L01GF1,Navi Liquid Fund-Direct Plan-Growth Option
120197,INF109K01Q49,ICICI Prudential Liquid Fund - Direct Plan - Growth
USHAMART,INE228A01035,Usha Martin Limited
148721,INF204KB12Z0,Nippon India Nifty 50 Value 20 Index Fund - Direct Plan - Growth Option
149039,INF959L01FP2,Navi Nifty 50 Index Fund-Direct Plan-Growth
149447,INF959L01FR8,Navi Nifty Next 50 Index Fund- Direct Plan- Growth
149800,INF247L01AV1,Motilal Oswal Nifty 200 Momentum 30 Index Fund-Direct Plan
150487,INF204KC1584,Nippon India Nifty Alpha Low Volatility 30 Index Fund - Direct Plan - Growth Option
150639,INF109KC10J7,ICICI Prudential Nifty50 Equal Weight Index Fund- Direct Plan - Growth
118701,INF204K01ZH0,Nippon India Liquid Fund - Direct Plan Growth Plan - Growth Option
145834,INF247L01734,Motilal Oswal Liquid Fund - Direct - Growth
JTLIND,INE391J01032,Jtl Industries Ltd
TI,INE133E01013,Tilaknagar Industries Ltd
ASTRAZEN,INE203A01020,ASTRAZENECA PHARMA INDIA LIMITED
CHALET,INE427F01016,Chalet Hotels Limited
CEBBCO,INE209L01016,Jupiter Wagons Ltd
JKCEMENT,INE823G01014,JK Cement Ltd
ENDURANCE,INE913H01037,Endurance Technologies Limited
INDIGOPNTS,INE09VQ01012,Indigo Paints Limited
VRLLOG,INE366I01010,VRL Logistics Ltd
FCL,INE045J01026,Fineotex Chemical Ltd
SOBHA,INE671H01015,Sobha Ltd
ACE,INE731H01025,ACTION CONST EQUIP LTD
JHSSVERV,INE03DD01011,JHS Svendgaard Retail Ventures Ltd
RAMCOCEM,INE331A01037,The Ramco Cements Ltd
HNS2E_SC,INF179KC1FB2,HDFC NIFTY Smallcap 250 ETF
KEI,INE878B01027,KEI Industries Limited
JSWENERGY,INE121E01018,JSW ENERGY LTD
LODHA,INE670K01029,Lodha Developers Ltd
GRSE,INE382Z01011,Garden Reach Shipbuilders & Engineers Limited
DNPBE01_SC,INF740KA1SY9,DSP Nifty PSU Bank ETF
KIMS,INE967H01025,Krishna Institute of Medical Sciences Ltd
119732,INF200K01UY4,SBI PSU Fund - Direct - Growth
DIAMONDYD,INE393P01035,Prataap Snacks Limited
MANBE_SC,INF769K01KR3,Mirae Asset Nifty Bank ETF
120587,INF109K01Z14,ICICI Prudential FMCG - Direct - Growth
COCHINSHIP,INE704P01025,Cochin Shipyard Limited
CYIENT,INE136B01020,Cyient Limited
120828,INF966L01689,Quant Small Cap Fund - Direct - Growth
RKFORGE,INE399G01023,RAMKRISHNA FORGINGS LTD
152990,INF194KB1IW4,Bandhan Nifty 500 Value 50 Index Fund Direct Plan - Growth
BIRLAERIC,INE800A01015,Birla Cable Ltd
FINPIPE,INE183A01024,FINOLEX INDUSTRIES LTD
GARWARPOLY,INE291A01017,Garware Hi-Tech Films Ltd
HDFCMFGETF,INF179KC1981,HDFC Gold Exchange Traded Fund
IDBI,INE008A01015,IDBI BANK LIMITED
KSCL,INE455I01029,Kaveri Seed Company Limited
REDPROTE,INE823D01011,Yash Innoventures Ltd
SHAKTIPUMP,INE908D01010,Shakti Pumps India Ltd
VESUVIUS,INE386A01023,Vesuvius India Ltd
BAJAJELEC,INE193E01025,Bajaj Electricals Limited
ATV,INE447A01015,ATV Projects India Ltd
BAJELPROJECTS,INE0KQN01018,Bajel Projects Ltd
TWL,INE615H01020,Titagarh Rail Systems Limited
RVNL,INE415G01027,Rail Vikas Nigam Limited
NOVAIRON,INE608C01026,Nova Iron & Steel Ltd
TVSELECT,INE236G01019,TVS Electronics Ltd
STAR,INE939A01011,Strides Pharma Science Ltd
FGPIND,INE512A01016,FGP Limited
EDELWEISS,INE532F01054,Edelweiss Financial Services Limited
NWML,INE531F01023,Nuvama Wealth Management Ltd
RAILTEL,INE0DD101019,Railtel Corporation Of India Limited
148822,INF109KC1P81,ICICI Prudential Nifty 100 Low Volatility 30 ETF FOF - Direct Plan - Growth
IPNONGE_SC,INF109KC18W3,ICICI Prudential Nifty Oil and Gas ETF
NIITLTD,INE161A01038,NIIT Ltd
SUVEN,INE495B01038,Suven Life Sciences Ltd
ITCHOTLTD,INE379A01028,ITC Hotels Ltd
IPNME_SC,INF109KC19W1,ICICI Prudential Nifty Metal ETF
MAN2A3E_SC,INF769K01KU7,Mirae Asset Nifty 200 Alpha 30 ETF
MANENNAAE_SC,INF769K01LQ3,Mirae Asset Nifty EV and New Age Automotive ETF
CROMPTON,INE067A01029,CG Power and Industrial Solutions Ltd
HYUMOTOR,INE0V6F01027,Hyundai Motor India Ltd
SWIGGY,INE00H001014,Swiggy Ltd
BAJHOUFI,INE377Y01014,Bajaj Housing Finance Ltd
PRAJIND,INE074A01025,Praj Industries Limited
MEDANTA,INE474Q01031,Global Health Ltd
APL,INE0LRU01027,Aarti Pharmalabs Ltd
149868,INF179KC1BY3,HDFC NIFTY 100 Index Fund - Direct Plan - Growth Option
RELIGARE,INE621H01010,RELIGARE ENTERPRISES LTD
PREMIERENE,INE0BS701011,Premier Energies Ltd
PHOENIXLTD,INE211B01039,The Phoenix Mills Ltd
ONESOURCE,INE013P01021,OneSource Specialty Pharma Ltd
WAAENERG,INE377N01017,Waaree Energies Ltd
ANGELBRKG,INE732I01013,Angel One Limited
APARINDS,INE372A01015,Apar Industries Limited
EMUDHRA,INE01QM01018,eMudhra Ltd
FINOPB,INE02NC01014,Fino Payments Bank Limited
FLUOROCHEM,INE09N301011,Gujarat Fluorochemicals Limited
INOXWIND,INE066P01011,Inox Wind Limited
KALYANKJIL,INE303R01014,Kalyan Jewellers India Limited
KAYNES,INE918Z01012,Kaynes Technology India Ltd
MCX,INE745G01043,MULTI COMMODITY EXCHANGE OF INDIA LTD.
119091,INF179KB1HP9,HDFC Liquid Fund Direct Plan Growth Option
VMART,INE665J01013,V-MART RETAIL LTD
PDSMFL,INE111Q01021,PDS Ltd
NEWGEN,INE619B01017,Newgen Software Technologies Limited
JMFINANCIL,INE780C01023,JM FINANCIAL LTD
KRSNAA,INE08LI01020,Krsnaa Diagnostics Limited
NSDEOVI1,INE004A01022,Protean Egov Technologies Ltd
CAMLINFINE,INE052I01032,Camlin Fine Sciences Ltd
UPSERVI,INE851I01011,Updater Services Limited
152718,INF769K01LU5,Mirae Asset Nifty200 Alpha 30 ETF Fund of Fund - Direct Plan - Growth
152459,INF769K01LG4,Mirae Asset Nifty Smallcap 250 Momentum Quality 100 ETF Fund of Fund - Direct Plan - Growth
ZAGPREOS,INE07K301024,Zaggle Prepaid Ocean Services Ltd
149283,INF109KC1V18,ICICI Prudential Nifty Smallcap 250 Index Fund - Direct Plan - Growth
SOUWESPE,INE980Y01015,South West Pinnacle Exploration Ltd
SIEMENSENERGY,INE1NPP01017,Siemens Energy India Ltd
TRITURBINE,INE152M01016,TRIVENI TURBINE LTD
SUNTECK,INE805D01034,SUNTECK REALTY LTD
INF194KB1HA2,INF194KB1HA2,Bandhan Nifty Alpha 50 Index Fund - Direct Plan - Growth
DSBLRE_SC,INF740KA1UM0,DSP BSE Liquid Rate ETF
HBLPOWER,INE292B01021,HBL Engineering Ltd
INF204KB15W0,INF204KB15W0,Nippon India Nifty Smallcap 250 Index Fund
XPROINDIA,INE445C01015,XPRO INDIA LTD
PPAP,INE095I01015,PPAP Automotive Ltd
149892,INF959L01FX6,Navi Nifty Midcap 150 Index Fund Direct Plan- Growth
147623,INF247L01932,Motilal Oswal Nifty Smallcap 250 Index Fund - Direct - Growth
120620,INF109K012M7,ICICI Prudential Nifty Index Fund - Direct Plan Cumulative Option
BLUESTARCO,INE472A01039,Blue Star Limited
GRAPHITE,INE371A01025,GRAPHITE INDIA LTD.
INVKNOSO,INE115Q01022,Inventurus Knowledge Solutions Ltd
HIL,INE557A01011,Birlanu Ltd
IRMENERG,INE07U701015,IRM Energy Limited
BANDHANBANK,INE545U01014,Bandhan Bank Ltd
NTPGREEN,INE0ONG01011,NTPC Green Energy Ltd
SAGILITY,INE0W2G01015,Sagility Ltd
CONBIOTE,INE338H01029,Concord Biotech Ltd
KANSAINER,INE531A01024,Kansai Nerolac Paints Ltd
POLICYBZR,INE417T01026,PB Fintech Limited
CAPLIPOINT,INE475E01026,Caplin Point Laboratories Limited
ITDCEM,INE686A01026,Cemindia Projects Ltd
PVR,INE191H01014,PVR INOX Limited
CEIGALL,INE0AG901020,Ceigall India Limited
GRAVITA,INE024L01027,Gravita India Limited
MOIL,INE490G01020,MOIL LTD
THOMASCOOK,INE332A01027,Thomas Cook India Ltd
STYLAMIND,INE239C01020,Stylam Industries Ltd
SYMPHONY,INE225D01027,Symphony Ltd.
VENPIPTU,INE0JA001018,Venus Pipes & Tubes Ltd
MARKSANS,INE750C01026,MARKSANS PHARMA LTD
HNNIDG,INF179KC1BQ9,HDFC NIFTY Next50 Index Fund Direct Growth
CHEMPLAST,INE488A01050,Chemplast Sanmar Ltd
ALLSEC,INE835G01018,Alldigi Tech Ltd
AMRUTANJAN,INE098F01031,AMRUTANJAN
INOWINIS,INE510W01014,Inox Green Energy Services Ltd
RPPIPROJ,INE324L01013,RPP Infra Projects Ltd
KPITTECH,INE04I401011,KPIT Technologies Limited
WHEELS,INE715A01015,WHEELS INDIA LTD.
DEVYANI,INE872J01023,DEVYANI INTERNATIONAL LIMITED
KIOCL,INE880L01014,KIOCL Limited
SOUTHBANK,INE683A01023,THE SOUTH INDIAN BANK LIMITED
MMTC,INE123F01029,MMTC Ltd
PVP,INE362A01016,PVP Ventures Ltd
PARAGMILK,INE883N01014,Parag Milk Foods Ltd
IRB,INE821I01022,IRB Infrastructure Developers Limited
IBSEC,INE274G01010,Dhani Services Limited
UTKSMAFB,INE735W01017,Utkarsh Small Finance Bank Ltd
JINDRILL,INE742C01031,Jindal Drilling & Industries Limited
ZEEL,INE256A01028,Zee Entertainment Enterprises Limited
DCXINDIA,INE0KL801015,DCX Systems Ltd
INDIAINFO,INE530B01024,IIFL Finance Ltd
SHRPROP1,INE217L01019,Shriram Properties Ltd
QUELABOR,INE0TNW01017,Quest Laboratories Ltd
INDEMULSIFIER,INE0RRU01016,Indian Emulsifiers Ltd
BOI,INE084A01016,BANK OF INDIA
TRIL,INE763I01026,Transformers and Rectifiers India Ltd
SPASPHFI,INE572J01011,Spandana Sphoorty Financial Ltd
JYOTHYLAB,INE668F01031,JYOTHY LABORATORIES LTD
HCC,INE549A01026,Hindustan Construction Company Ltd
147794,INF247L01AE7,Motilal Oswal Nifty 50 Index FundMOFNIFTY50 - Direct - Growth
ANV5E_SC,INF846KA1119,Axis Nifty500 Value 50 ETF
TVSMOTORNCPRS,INE494B04019,TVS Motor Company Ltd - 6% NCRPS
KTKBANK,INE614B01018,KARNATAKA BANK LTD
GREAVESCOT,INE224A01026,GREAVES COTTON LTD.
KIRLOSBROS,INE732A01036,Kirloskar Brothers Ltd
JUBIINGRE,INE0BY001018,Jubilant Ingrevia Limited
CGCEL,INE299U01018,Crompton Greaves Consumer Electrical Ltd
152855,INF194KB1IT0,Bandhan Nifty Midcap 150 Index Fund-Direct Plan-Growth
149832,INF194KB1CR7,BANDHAN NIFTY 100 INDEX FUND - DIRECT PLAN - GROWTH
150591,INF194KB1DP9,BANDHAN NIFTY200 MOMENTUM 30 INDEX FUND - GROWTH - DIRECT PLAN
147622,INF247L01916,Motilal Oswal Nifty Midcap 150 Index Fund - Direct - Growth
GATI,INE152B01027,Allcargo Gati Ltd
153838,INF194KB1KB4,Bandhan BSE India Sector Leaders Index Fund - Direct Plan - Growth
152716,INF194KB1IK9,Bandhan Nifty Total Market Index Fund - Direct Plan - Growth
MAHILOG,INE766P01016,Mahindra Logistics Ltd
NESCO,INE317F01035,Nesco Ltd
SWASUITI,INE0GMR01016,Swaraj Suiting Ltd
CLEDUCAT,INE201M01029,CL Educate Ltd
HINDOILEXP,INE345A01011,Hindustan Oil Exploration Company Ltd
BEML.,INE258A01024,BEML Ltd
CANFINHOME,INE477A01020,Can Fin Homes Limited
112932,INF769K01101,Mirae Asset Large & Midcap Fund - Regular Plan - Growth
149886,INF200KA15E8,SBI Multicap Fund- Regular Plan- Growth Option
MIDCAPETF,INF769K01IC9,Mirae Asset Nifty Midcap 150 ETF
149896,INF846K016H6,Axis Nifty Smallcap 50 Index Fund - Regular Plan - Growth Option
URJA,INE550C01020,Urja Global Ltd
SYRMA,INE0DYJ01015,Syrma SGS Technology Limited
DREAMFOLKS,INE0JS101016,Dreamfolks Services Ltd
150803,INF179KC1EB5,HDFC Business Cycle Fund - Growth Option
150806,INF179KC1EC3,HDFC Business Cycle Fund - IDCW Option
ASHIANA,INE365D01021,Ashiana Housing Ltd
WELCORP,INE191B01025,Welspun Corp Limited
VOLTAMP,INE540H01012,Voltamp Transformers Limited
RUCHI,INE619A01035,Patanjali Foods Ltd
GOODLUCK,INE127I01024,GOOD LUCK STEEL TUBE LTD.
INDRENED,INE202E01016,Indian Renewable Energy Development Agency Ltd
IBREALESTATE,INE069I01010,Embassy Developments Ltd
151751,INF179KC1GL9,HDFC Defence Fund - Growth Option
102941,INF200K01560,SBI Magnum MIDCAP FUND - REGULAR PLAN - GROWTH
113177,INF204K01HY3,Nippon India Small Cap Fund - Growth Plan - Growth Option
EMBASSYREIT,INE041025011,EMBASSY OFFICE PARKS REIT
152774,INF200KB1290,SBI Innovative Opportunities Fund - Regular Plan - Growth
152906,INF200KB1357,SBI Nifty 500 Index Fund- Regular Plan- Growth
153009,INF769K01MS7,Mirae Asset Gold ETF Fund of Fund - Regular Plan - Growth
152970,INF769K01MA5,Mirae Asset Nifty Total Market Index Fund - Regular Plan - Growth
NIVBUPHI,INE995S01015,Niva Bupa Health Insurance Company Ltd
530355,INE276G01015,Asian Energy Services Limited
JBMA,INE927D01051,JBM Auto Ltd
ALLBLEAD,INE552Z01027,Allied Blenders and Distillers Ltd
CAPTECH1,INE0ILV01024,Capillary Technologies India Ltd
MONMM5E_SC,INF247L01FQ0,Motilal Oswal Nifty Midcap150 Momentum 50 ETF
ENMMQ5E_SC,INF754K01TF1,Edelweiss Nifty500 Multicap Momentum Quality 50 ETF
MONIDE_SC,INF247L01DJ0,Motilal Oswal Nifty India Defence ETF
NBCC,INE095N01031,NBCC India Limited
113434,INF846K01W80,AXIS MUTUAL FUND - GOLD ETF
SILVERIETF,INF109KC1Y56,ICICI Prudential Silver ETF
TDPOWERSYS,INE419M01027,TD Power Systems Limited
120473,INF846K01DS2,Axis Gold Fund - Direct Plan - Growth option
LAURUSLABS,INE947Q01028,Laurus Labs Ltd
RADICO,INE944F01028,Radico Khaitan Ltd
CUMMINSIND,INE298A01020,Cummins India Ltd
ADIFINECH,INE959A01019,Privi Speciality Chemicals Ltd
GODFRYPHLP,INE260B01028,Godfrey Phillips India Limited
INDIANB,INE562A01011,Indian Bank
152392,INF204KC1CE2,Nippon India Nifty IT Index Fund - Direct Plan - Growth Option
153114,INF194KB1JA8,Bandhan Nifty 200 Quality 30 Index Fund - Direct Plan - Growth
SHAILY,INE151G01028,Shaily Engineering Plastics Ltd
LLOYDMETAL,INE281B01032,Lloyds Metals and Energy Limited
152712,INF247L01CW5,Motilal Oswal Nifty India Defence Index Fund Direct Plan Growth
ANANTRAJ,INE242C01024,Anant Raj Limited
COMMIETF,INF109KC19O8,ICICI Prudential Nifty Commodities ETF
INFRAIETF,INF109KC16E5,ICICI Prudential Nifty Infrastructure ETF
MONPE_SC,INF247L01FO5,Motilal Oswal Nifty PSE ETF
HNPBE_SC,INF179KC1HW4,HDFC NIFTY PSU Bank ETF
ASTER,INE914M01019,Aster DM Healthcare Ltd
EGE_SC,INF754K01SE6,Edelweiss Gold ETF
PIRAMALFIN,INE202B01038,Piramal Finance Ltd
153581,INF277KA1DZ9,Tata Nifty Midcap 150 Index Fund - Direct Plan - Growth Option
NRBBEARING,INE349A01021,NRB Bearings Ltd
120377,INF109K012B0,ICICI Prudential Balanced Advantage Fund - Direct - Growth
IPNV3E_SC,INF109KC16X5,ICICI Prudential Nifty200 Value 30 ETF
DNHE_SC,INF740KA1UF4,DSP Nifty Healthcare ETF
MANIE_SC,INF769K01KV5,Mirae Asset Nifty IT ETF
MAHINDFORG,INE536H01010,CIE Automotive India Ltd
AUTINVAI,INE206F01022,Authum Investment and Infrastructure Ltd
LTFH,INE498L01015,L&T Finance Ltd
KWIL,INE2KCE01013,Kwality Walls India Ltd
STRTECH,INE089C01029,Sterlite Technologies Ltd
AURSOLUT,INE132H01018,AurionPro Solutions Ltd
HCG,INE075I01017,HealthCare Global Enterprises Ltd
150930,INF109KC11M9,ICICI Prudential Nifty Pharma Index Fund - Direct Plan - Growth
153594,INF740KA1WF0,DSP Nifty Healthcare Index Fund - Direct- Growth
152564,INF277KA1BG3,Tata Nifty MidSmall Healthcare Index Fund - Direct Plan - Growth
143874,INF109KC1GH2,ICICI Prudential Pharma Healthcare and Diagnostics Fund - Direct - Growth
JKBANK,INE168A01041,JAMMU & KASHMIR BANK LTD.
DUCORGAC,INE0LZO01015,Ducol Organics and Colours Ltd
CPC,INE178A01016,Chennai Petroleum Corporation Limited
120211,INF109K01R14,ICICI Prudential Money Market Fund Option - Direct Plan - Growth
119092,INF179KB1HU9,HDFC Money Market Fund - Direct Plan - Growth Option
3MINDIA,INE470A01017,3M INDIA LTD
FINIETF,INF109KC17L8,ICICI Prudential Nifty Financial Services Ex-Bank ETF
MONCME_SC,INF247L01EV3,Motilal Oswal Nifty Capital Market ETF
MANME_SC,INF769K01LY7,Mirae Asset Nifty Metal ETF
NETFPHARMA,INF204KC1089,Nippon India Nifty Pharma ETF
ABSLBANETF,INF209KB17D5,Aditya Birla Sun Life Nifty Bank ETF
MANEWE_SC,INF769K01OO2,Mirae Asset Nifty50 Equal Weight ETF
DSPNIFTY10,INF740KA1UR9,DSP Nifty Top 10 Equal Weight ETF
152814,INF740KA1UQ1,DSP Nifty Top 10 Equal Weight Index Fund - Direct - Growth
KIRLOSENG,INE146L01010,Kirloskar Oil Engines Ltd
152064,INF174KA1PD4,Kotak Multi Asset Allocation Fund - Direct Plan - Growth Option
GANECOS,INE845D01014,Ganesha Ecosphere Ltd
152916,INF174KA1TM7,Kotak Nifty Midcap 150 Momentum 50 Index Fund-Direct Plan-Growth
151724,INF179KC1GC8,HDFC NIFTY Midcap 150 Index Fund - Growth Option - Direct Plan
IBWSL,INE126M01010,Indiabulls Ltd
INE148O01028,INE148O01028,Delhivery Limited
154216,INF769K01QM1,Mirae Asset Nifty Metal ETF FOF - Direct Plan - Growth
TATCAPIT,INE976I01016,Tata Capital Ltd
gfhgjbkl,15151DZXFCGBJNKM,gghjbkl;
gchjkl;,102GHJKL,hjkl;
hvhbjkl;,1245DFGHJK,fgghjkl;
APLOMERGER CODE,APLO101,APLOMERF
TESTSEC,INTEST101,TESTSEC
